X1,X2,X3,X4,X5
32.37411788,51.84451067,32.09196162,30.12665656,30.83008169
29.26755766,21.23491989,34.88929507,29.85594325,38.69889495
28.01404809,22.81162595,27.62258648,27.91600688,34.65142647
31.91903914,29.06996065,32.27614869,32.01454727,30.57735604
24.81859234,33.79884449,36.66313277,37.81082588,44.80972943
22.53625685,25.22417941,25.96363559,31.09830808,23.12454374
31.86062863,36.21104027,35.86989824,31.03384702,29.04520084
34.31985238,32.63599768,35.94340154,35.65843484,29.13999706
28.53806206,19.81430678,24.79707997,36.44323926,46.12193183
30.02626564,40.59508091,44.69322797,35.6361739,25.57654544
33.94751719,36.82524585,35.80720184,28.43360263,17.61953102
20.28265335,43.68038703,33.22906996,27.65679713,45.82952896
34.76985696,33.44865624,23.8592387,25.0551438,30.94830191
38.88666819,24.88477046,16.75063448,30.4935924,27.33726553
33.93836712,21.40745776,41.97909569,33.7754711,34.59446127
21.93336708,27.40637092,35.0247138,30.27670908,17.77008566
21.14122499,33.15054633,32.20622129,27.57079575,30.26059511
37.11236165,23.07131242,23.98671469,29.29456611,35.35978231
24.63951604,25.61768917,28.83827936,32.43002623,33.11552954
26.01938928,19.22088474,33.55088598,34.84715051,25.98123707
16.55468784,31.61184895,37.63409738,35.64034494,33.45540773
32.69168158,34.70863535,32.79973175,40.34032859,37.33102939
29.24220116,26.89495563,27.05065475,18.50526105,34.59341997
34.07356095,23.8525094,28.32288864,48.20555609,26.83827988
33.12956743,40.66654603,37.68383507,33.31814729,27.85677047
22.83050329,34.68580417,32.26295568,27.06843725,39.54485899
21.11310178,30.51030838,23.88466163,28.29088141,27.24891275
34.8240842,19.63986354,28.89019611,27.71198875,31.92976712
27.76458627,34.77724506,35.99980882,32.37855998,30.78338117
24.96839605,27.15796234,32.94249281,32.42079064,30.11935057
28.84483837,35.12393266,25.12716322,20.94205818,37.35922508
24.34033748,33.72419749,35.78849181,26.41300322,35.22089446
30.33475575,26.28039907,32.1689045,26.81835929,30.51952278
40.91565539,28.01848346,20.14341474,31.96517434,25.57267053
39.40886905,43.27655686,34.68188965,38.64125236,26.49140296
30.10581264,29.11843988,30.84921616,32.55049015,29.04414059
31.75626957,23.91279121,43.34239546,32.10549475,30.72934425
33.66875472,33.57184546,39.81861173,43.57249622,35.69002002
33.54961109,32.60382661,27.78915109,32.76005587,31.17451045
38.0602755,26.31983581,24.41749091,44.12628768,21.99776811
37.21772475,24.35779567,41.61411084,29.6741632,33.72871804
34.79645912,18.255475,33.86850434,21.73749671,23.11674845
34.68536467,24.35426465,26.32412905,36.00748341,34.80921268
34.11524949,39.86845114,30.33137574,22.93871402,27.51972396
28.07752683,29.11992992,29.74049596,28.81642081,26.00123695
34.86675342,34.76139695,33.45764544,26.20239653,24.12791846
32.66643424,36.72554801,23.47186635,23.23949718,28.26728026
19.442996,26.66059209,36.05134875,34.9643893,33.71593134
30.74323139,32.20580726,22.46106174,26.45561884,29.30193893
27.92465901,37.63760589,29.44996813,36.56124325,32.37465097
23.05034562,43.24403215,30.00993399,23.09597855,25.85907657
32.99555093,31.70500168,24.47542679,33.79553295,31.18947478
26.97350924,32.72416189,30.78761738,39.82814249,28.12320325
28.85752652,27.7297178,17.70661972,41.77529819,36.63437989
17.58453074,31.36319779,42.23879762,26.53315008,38.20120664
34.10484645,33.10542889,26.21636695,32.03511348,42.8857633
24.77461729,29.41200479,22.63566063,30.7289484,33.73792463
28.89819707,27.0780755,39.65285308,35.56457561,19.81851702
31.99193263,35.32661144,25.53197871,39.88490499,35.22434108
36.23073976,28.59522348,37.07080081,28.65826864,30.7573718
36.71147092,25.48310253,32.52023269,41.06898198,32.29504459
29.57658416,34.41501331,39.69222162,26.5031659,29.86403059
30.54981643,34.47778528,22.53818487,27.469128,42.54163817
26.30773384,31.73544193,30.09661648,37.16832164,26.43472511
45.63971453,22.11252102,34.7377095,23.46987674,31.25357689
33.53612144,36.15787788,23.01913591,39.1882352,28.36939073
26.85736453,15.52406126,34.6491016,26.56292333,25.94905721
28.55671324,25.31330772,29.96250175,12.60920396,19.32768741
26.20057492,44.81225783,37.42009157,23.81025601,30.90327879
17.04807659,28.16908697,29.11393529,21.24634432,23.39924894
29.61363074,35.93798538,21.29702164,35.23459977,26.47073327
30.3854961,28.76388576,34.68557435,24.45641888,37.13406265
23.35879906,32.19982894,33.14541262,19.91796055,30.45823611
30.07757206,23.48292189,30.62353763,24.22784255,24.74335643
43.39985795,27.66046937,39.9428016,29.61086739,31.37867649
32.72631644,26.94776165,33.37271674,18.21531188,36.45805202
33.83680158,37.53230815,35.06053007,24.25726089,41.63240765
31.34947314,43.78621983,30.10093115,34.4730295,32.03685676
27.39809313,41.96661806,25.73052052,36.24122735,35.57330849
20.5721471,35.30490328,27.31888291,40.5203983,29.02921365
28.19344336,40.54421783,29.90676301,24.944064,39.10936018
26.93872379,33.63349764,25.62281537,32.44722472,24.44906251
32.26585338,34.28864329,29.9670497,27.80143075,29.27102218
28.85197127,31.66257969,32.02152326,30.16822689,33.08412436
32.61209429,27.81392882,23.24453556,28.99681761,44.10587771
34.38057049,22.01597665,33.68251971,39.9747716,34.79510899
26.00354304,43.69382627,32.9749766,37.23460941,32.41239449
34.57729104,31.15918021,37.75640055,36.36504868,28.87906295
31.69248192,32.20070785,32.06165228,28.95951347,32.23703517
30.85572677,27.77150994,25.89987319,32.1479272,38.38394586
29.35568417,33.33970586,28.17849901,27.02096652,30.61842533
39.43051249,42.07736993,38.21906309,21.32542721,30.81574781
48.30449047,38.56614299,36.21340962,33.20602145,26.26419902
33.3398677,29.12316612,22.34804886,33.99808429,27.87869207
27.61177863,30.00290463,28.33533688,30.4292354,35.85403948
23.82306879,22.97066575,24.27894425,21.78177358,30.70559193
36.69022659,20.39422213,27.99770742,27.44196663,16.3037054
28.17103446,12.91666251,32.82858731,26.75641961,28.17997127
36.42149919,29.66337431,24.66880974,19.65562527,36.59088872
32.94131075,18.88176889,25.75118665,23.48858844,28.00068071
29.57383516,37.31993478,25.14160529,32.67196049,31.78599555
34.25837996,34.23574987,38.73344868,36.12997444,35.32654802
29.51886298,36.36019897,25.67499563,27.83808307,34.36122608
25.00149884,32.42978943,31.58585121,26.28499801,30.04326177
38.28306377,26.91232626,29.73540429,28.220002,33.70953437
29.66336154,28.68220444,35.4000776,31.76869398,33.84683098
21.51154175,25.10254249,34.97543468,22.69024021,32.2405376
28.51381093,30.47562038,26.33139475,32.29348107,46.44822883
30.68368652,31.56466664,30.98961176,28.96211721,30.35372907
30.457048,29.60664943,28.23675293,27.58291416,19.2848846
36.7828543,19.56202895,38.59258806,38.56108979,31.37427824
39.62012896,29.94788804,34.58895567,28.28452294,42.58382598
33.19263306,20.73052616,19.04929746,35.68933157,21.3872522
34.21879038,35.38658149,30.39062153,25.98245622,29.00592774
37.53246217,25.67142548,22.48696514,32.52437242,34.54026073
38.20968388,30.65094922,31.42339817,38.48148024,35.87206579
29.15853603,40.15561287,32.54236059,26.08696071,36.18547965
35.72883485,25.35605483,12.48141863,28.54984904,35.83753384
36.52762893,40.81413114,29.45332819,34.00299889,24.82641375
16.646532,32.48149158,35.05847154,36.2149644,41.20022603
33.33930077,37.74267782,36.60344017,21.80679599,32.60713624
44.67550972,24.56986572,30.100355,37.09081897,22.62513544
25.26358937,19.46998784,21.08961104,29.96214062,34.42030001
35.91493169,23.44908531,29.48376906,36.44485455,29.21352669
26.57829139,18.38066469,32.19204354,29.3848897,40.96645036
21.79708661,34.42585775,37.92505626,33.17033004,25.16395911
33.01099881,23.04608917,26.71714952,35.23563056,31.03075904
25.3003339,31.13926232,32.91014972,28.27599238,34.80759118
28.96225829,32.25799145,36.14632339,20.63564808,31.5733534
36.95836076,39.77246239,35.29923243,24.77808624,26.05177679
42.58356533,31.71502074,35.50844854,37.16885556,28.72643751
19.48812112,37.69655668,34.4362888,22.05555266,22.09748814
30.5775805,40.53783026,39.06240559,38.50163168,31.33945072
31.62582257,26.89884033,27.4915535,31.59758233,36.3032006
21.86317242,31.87073263,32.45825824,29.10665514,36.42005181
13.70823437,27.17370889,26.1327217,30.65723398,25.43626251
32.84921135,30.88374656,26.3652164,26.03967058,39.76622222
28.25347612,25.52199606,32.639922,23.63146636,30.96292748
18.28352907,32.79922939,25.79240477,18.60300817,21.00134182
37.3103495,35.09016147,34.39426038,29.28525606,13.54326606
41.37451742,37.32370237,39.17543029,25.7145089,27.22101697
47.8035244,33.99143692,29.00077505,30.9711965,23.35679019
39.08443964,28.35515802,24.57128052,35.97614895,28.2217441
37.16085772,33.51395765,35.84803317,29.68015945,34.31858505
31.8130707,26.52149984,32.24337275,26.75292046,19.84707951
37.54929401,33.90194423,25.79518465,27.40045748,30.41332587
26.15000266,35.27528159,29.03647728,37.3107015,18.88788155
36.77966317,29.08467006,37.98816895,33.2623443,36.52898756
37.41547698,32.72520653,22.56186296,28.99314458,36.82397027
30.19622488,18.14804191,29.76330913,26.39381695,37.87549401
26.73575874,29.14168624,23.33378071,26.45269056,24.73810396
27.55531025,37.18097344,30.69942293,35.99141894,41.90164102
34.76165095,28.94456958,40.19209457,37.91951037,30.72630622
30.4698627,26.51137477,29.97590114,29.25238683,36.6698324
20.62727792,23.13166678,23.61510288,34.4001495,25.18579658
34.78208813,38.67996974,37.08943636,22.94095187,30.18569636
19.55867256,40.94860948,22.71942696,19.12151412,27.21090638
26.2399757,24.59364435,15.47151235,33.19117916,28.95457846
24.79213339,20.93454721,40.01185377,32.33155464,38.64611276
25.83921693,24.65651721,16.6492261,30.3753787,31.3868512
31.77166572,29.40308874,31.38995174,38.67485434,31.47773569
35.18631649,25.29787178,31.40178883,27.01667142,37.84214375
33.61366257,28.90325751,30.89003118,36.0150125,37.11050216
29.75415764,28.64975084,22.22223412,21.90618147,29.57570436
31.66941725,34.9640877,21.04672238,28.74733613,25.11659949
19.26498693,18.75686878,23.15820587,34.86586454,26.6826444
26.90086924,25.21389459,39.48562456,32.14458114,44.63738496
27.49802235,21.39218921,39.50610973,33.18921906,39.81276083
39.31980906,26.60713704,42.37537546,32.53464849,29.00812118
21.45550925,30.51341221,19.11868522,23.95655534,33.7461774
28.39801434,41.98818403,27.729625,38.73149139,20.6145021
23.15402858,44.47662923,33.62986851,32.44427103,37.80578328
29.32331799,26.09491655,21.5819153,24.92034779,32.61545208
34.88211634,37.08038194,32.03919762,29.39008522,26.09991979
33.1897469,32.01635245,35.70492261,31.87848605,29.91363002
25.74242119,34.80739912,26.38061651,32.08042677,36.73416945
30.95517223,31.71832772,24.97502068,31.83302742,27.25040466
46.24041892,29.71504168,31.38538102,38.95893219,22.24284093
26.91104237,27.03718561,23.7730711,33.16380386,31.32706111
33.66769482,39.82453834,38.59700018,36.50597227,33.84163463
22.47681952,33.92464772,31.5726349,33.96491063,28.93288105
29.03725067,23.1647652,38.97743579,31.94593423,25.0886787
35.14812022,44.63655098,27.41170425,40.27241206,33.72868841
31.46482508,27.17235831,34.48573143,28.94146581,33.64043064
24.98366192,35.01357159,32.71138496,42.51099039,21.38166389
27.91080129,40.26691749,23.65147948,29.64981636,32.38180474
28.23688328,21.56174796,33.94026136,35.05856314,32.77392264
25.87070708,35.67314626,32.98378121,29.95539781,37.75893085
28.22711702,34.67949229,35.19648303,23.5373278,29.36504291
38.46964394,37.66588879,32.9071839,24.49245745,25.19679958
28.98689592,25.13632288,40.85725363,28.59794261,22.01968627
21.85322991,26.88342336,26.70904162,30.44299117,36.13841957
37.82717232,26.88199112,23.84998919,38.29153493,33.15529144
36.25736936,33.78560071,27.79120584,25.83376965,29.94050549
22.41935969,38.09688659,39.06303492,34.73802803,30.83411787
26.89634211,22.82580409,26.49291114,35.76239393,31.1084358
35.17215593,33.87494854,34.44223612,25.12224899,32.76248256
35.10443174,22.8131172,29.91847357,28.29457585,34.15171246
42.46018612,25.52023042,33.99535114,27.70553834,29.580021
33.90602516,27.09568848,29.70790776,21.8555339,27.68047375
30.64636383,34.45417207,24.52864725,30.54281751,25.29543505
16.74547308,39.27113768,38.12247888,35.28759812,30.60198922
25.31124645,30.47080688,28.26407316,38.54871344,19.99037502
22.33826917,30.37847858,39.40460855,17.72071875,37.12609066
27.80996253,37.56914414,31.97105021,27.56100966,48.32426007
30.93372144,33.50804543,27.06248611,25.36911698,27.86416425
37.28882288,30.94853442,28.67852985,33.46607441,22.60486809
21.18416396,31.29650998,31.44575794,45.16935277,27.98219399
27.72334327,24.33623205,24.36923893,31.23878341,20.63599873
26.72849959,26.93387287,39.00492117,29.18985709,32.00953515
23.65249734,17.91768767,27.95504999,24.29010731,27.35932365
31.04426597,30.89105623,31.54807013,34.85796142,35.8466486
41.69762792,28.49164583,27.9070409,25.36236137,30.54554135
43.59636957,28.97471023,39.90740652,33.68489832,30.71770655
25.07020467,27.11181623,35.21836091,24.73761277,34.20203043
38.79563769,25.89161373,21.61142679,22.48461966,28.1079021
25.56077147,28.20106403,27.12410024,25.5310709,23.54555631
23.50168727,29.25337046,24.27573726,30.08310474,32.49183753
24.67634105,28.34252481,39.14551704,24.64713414,40.2784104
20.15925386,28.20364956,18.5797609,40.36319176,35.69933943
21.153804,13.84910409,25.31774825,25.72239752,37.67115405
33.82163852,33.16151934,34.70987,33.49632546,24.93136526
29.91139714,29.78927618,35.14405049,29.06331387,25.43169282
34.10704427,28.26784272,32.08355185,21.43218554,29.21659132
40.34422043,41.35072525,34.87002765,32.98038145,32.54235314
27.47768716,24.51482751,29.61742728,31.35053533,24.92199456
24.92371623,29.51617857,29.80130871,38.51425666,35.27563705
34.66724522,28.34794329,36.47908657,30.49546683,27.17487164
31.82926439,21.55405437,34.96021924,27.15499252,36.88956503
31.19033089,28.97446896,38.05414388,28.93318587,27.48136297
29.12315264,22.17770021,35.80490366,28.09705079,39.53494461
30.38841519,35.70824254,36.96366397,30.36386391,29.01834473
25.93359816,40.32631494,24.36276748,20.58355048,24.72205112
27.05948913,38.00952055,27.05185033,37.97107248,21.6665186
36.41190927,23.97763152,31.76814696,33.32595791,32.17743837
28.88851799,36.90515465,36.98314173,41.11285289,36.69399349
25.69014461,34.61826722,37.98011037,30.20700068,33.52142948
29.14655038,28.78137781,31.70720838,30.70198326,28.04520077
36.70973641,29.67583005,30.22693222,33.12243439,16.15468648
33.76404142,29.54751879,29.48655319,30.0170389,38.58347679
26.72138443,29.06305124,21.56966842,39.05347635,32.35217735
37.66373838,35.05068263,34.52440819,34.78502402,27.99278268
25.00585031,22.63720132,34.04701709,39.20901816,31.68751225
40.81374709,28.18170133,36.06816025,35.40924881,35.52922673
31.44028742,25.08242556,24.43596876,24.33024982,17.96324036
29.96385404,20.47413998,34.21994289,33.14083005,35.38089957
35.27552642,33.24324842,41.0407696,22.18678903,25.53561534
30.95726143,24.55260404,20.47123086,27.30810105,31.94806621
30.00245081,36.16119224,25.53512881,23.13667145,33.51135361
27.13814377,43.18898282,27.64179178,38.12326032,26.3594695
20.64024284,30.45633437,32.04075614,32.77966016,40.13398845
31.47799614,34.21533472,19.53174727,36.84455618,35.75155191
24.37878862,18.77631787,31.01394698,25.70884114,34.82319359
29.66545415,32.44030405,32.55791197,29.60022894,23.96756392
21.21216571,31.4999419,27.4019916,38.6330984,32.60047338
29.86041378,24.66980823,23.87352567,36.60053512,28.10009982
33.08833717,27.94593604,29.28991196,33.14052143,39.55019861
27.43028119,36.3455704,26.2831336,27.51596547,30.60017643
28.73832073,27.73352514,27.52031684,21.53073782,35.66464904
41.77820122,26.54448123,34.45533657,36.79467935,16.90432364
40.2759907,28.8233926,20.27037297,29.78962474,27.37302179
35.30981597,31.59716638,40.85492179,48.40714878,32.5782944
26.02849267,27.39787782,35.75670857,33.66121708,29.73769361
25.40323912,28.92668634,27.13766113,37.63203616,35.1328536
36.1344263,36.00856542,41.93347284,38.87780983,35.61428122
28.20692838,29.33203536,32.75704086,36.5235794,42.89135149
28.40194892,36.5538598,21.37465141,30.0552972,29.17358817
35.34562294,29.95597572,34.65661747,36.48146624,27.58950674
30.54364691,25.91776277,24.96746337,41.02175186,24.75161217
28.33776617,32.955556,27.45851646,37.4659893,31.78402764
31.65718666,29.20387658,31.09651376,36.43438917,19.76293742
36.08621821,28.07600607,25.88764259,33.68004198,25.94803081
30.37044151,26.50168899,35.00729938,31.19797114,36.37189624
36.54720233,34.89988626,34.72535044,22.60024614,20.42067916
26.5484405,40.63386779,32.1178708,12.36714847,28.72534695
38.70486504,35.79633278,25.30322251,37.33694828,29.16298244
30.31000919,33.52113322,29.24565098,26.32002411,38.47987771
37.82304315,28.49790823,24.03229303,22.04033026,26.69072528
39.39274924,26.80190084,29.92298154,29.71289852,29.78409041
31.85366318,32.20049887,36.15583208,29.27080177,28.17402536
30.64924155,42.16660282,43.47158211,30.22924367,24.24730222
36.61815693,27.21926715,23.73087408,34.88641951,30.39776661
35.93959238,39.39590949,34.0597934,38.77888597,31.12885257
23.20761337,31.31627455,31.48033047,37.70421402,29.52803853
28.35591691,28.19068383,30.30311236,33.14578279,39.40458101
25.26519641,35.51653662,29.87356223,34.60822136,28.53342025
28.01209436,19.4026847,25.96870636,29.35066186,32.29580679
34.18271195,26.64430026,22.36085207,16.69986174,21.08186142
23.31040071,32.6633863,43.03445392,28.0207279,35.04459062
24.52006124,24.87390996,39.05669866,23.20751329,30.13235653
26.09771226,25.57251016,29.00179859,22.06417536,25.21936923
34.51606538,33.55473649,34.74019839,41.89778684,23.1790874
31.08771368,31.00521796,24.75391244,23.19894187,35.23011283
30.17724655,19.17583044,33.18583781,40.15922718,27.34182728
33.86389275,29.88084557,28.71601249,23.24222405,27.07804274
34.00169143,25.30597232,25.00430098,32.23347962,29.09340885
25.49685197,28.99630961,31.45622429,38.74713908,40.41450447
39.86404325,35.31352723,24.87578805,19.78487293,41.57565863
34.01210096,34.45570762,36.11449599,27.81343357,17.15140027
43.51253783,39.55108704,30.91520548,34.77605492,28.30187975
31.83626323,35.73242184,23.2623731,37.11834066,41.10916911
25.42552836,44.85556669,27.71100161,29.60588427,28.78045902
27.73354384,27.0375807,37.07970525,33.78636987,31.25942758
21.01298362,23.35438781,22.12391425,20.31481944,26.4182952
31.09630809,29.88300537,32.98103083,29.12446262,30.79435952
33.67708485,19.9693422,31.6892985,31.59896689,31.14357365
30.8066915,19.15448858,23.44999674,40.35178167,32.65196112
28.56092426,27.1377011,22.01699715,45.32899182,32.11414867
33.04097726,23.66719052,28.34482117,22.66504818,34.02097101
30.10719468,28.84454171,32.59717202,20.95077268,38.82948691
36.69049732,28.80635433,34.04185341,21.29741886,34.06383026
26.28146546,23.98277652,36.10472547,34.27951372,25.70891384
27.79659211,17.24878903,30.84649686,29.71585916,43.32990131
36.50313575,27.9882236,30.3490382,31.85718558,36.258135
32.5346205,36.69799434,31.73950535,33.07769045,30.14725393
45.19818641,25.33167382,19.29775327,25.91489368,39.09246429
29.04667601,29.76902475,25.17841101,32.52362137,23.78474038
28.03612905,33.03894378,19.1634405,37.66169133,21.3207371
24.31609595,31.50393306,26.78415324,29.69062649,39.18852137
34.19368853,41.78218549,31.14334304,36.75483085,29.93489924
21.88735967,30.12530102,33.81272952,42.74655071,38.58896554
20.23216734,37.97986286,25.30327804,24.60585648,32.18044118
13.63715923,34.51290872,21.79302579,42.41542927,30.54067074
28.32502429,21.3776254,32.59123689,32.78810945,36.02768859
35.43852475,32.79924317,31.62844301,38.26388987,35.86733199
33.30406618,32.48108817,23.09820155,36.0440382,18.03572625
28.57798392,28.55932113,35.5587155,23.32023381,30.08666576
25.44305971,29.25371272,30.45150873,31.69977363,33.36780245
34.2449873,32.79992299,36.52452218,26.53849467,33.34736505
30.48910376,33.89505982,20.53044787,30.95958826,26.33557608
25.43930348,39.90288744,26.36493938,30.36469014,53.13936141
34.99887763,36.33668146,27.87871318,33.45284903,35.99373644
33.41147351,29.4650642,35.17987466,29.0141146,30.95112165
34.10676216,41.24343341,40.33034004,41.27426175,31.48039318
32.08911594,38.58774016,32.17257983,30.9962013,40.79920673
35.39026466,17.79681111,31.30526865,31.40094289,36.69454896
25.17350728,23.09920679,35.6687097,24.50704365,30.86610163
35.65231841,26.40453117,23.50990246,27.67611957,32.0235961
31.3349687,30.99133633,31.0577821,29.48145554,41.20781389
22.36694439,30.58348652,31.64740505,25.94868825,31.29301755
31.02360452,38.28236152,18.98115705,36.73479969,31.03879861
28.52963413,34.13963673,17.51062794,29.19240235,30.54265269
23.85902061,35.0289583,30.46673013,41.54703102,39.4056826
33.09009453,29.72624476,29.19115055,31.53679708,38.89514049
26.76359808,27.09015993,32.57843219,30.41122977,41.62290436
35.39131283,25.13286643,32.66511018,28.25439415,20.81209079
33.2880986,27.66107593,19.55844845,37.50681317,41.12041917
29.5247281,20.35969658,39.41119034,37.8037669,36.85449031
28.72693933,18.46017938,16.20282453,41.81467738,22.54542237
31.08966762,30.38828242,22.35877555,33.84375295,25.22957913
18.95402628,34.14759715,42.70521032,22.90277223,27.24682664
26.15708954,34.23825157,32.34494468,29.48779545,27.22583876
31.01312791,36.02302302,29.12377639,23.4001485,39.36095774
26.52830555,30.88243013,33.21759327,31.24098576,26.58208033
47.0023184,23.46358789,34.05126402,27.48787546,27.78593601
33.08246626,37.36258775,31.71727071,30.83300838,31.63600539
28.68968073,28.41769475,22.87833175,41.16586376,27.23410805
22.48338097,41.13548267,21.64102996,33.11943972,18.34299924
29.86386636,31.23910686,41.28534491,33.94994653,27.51575901
20.7580492,31.65065304,39.2241998,31.85083632,34.39656203
42.25618522,33.60330172,32.95235684,32.07111287,32.36483753
16.62730912,31.66920244,29.68819726,32.27283475,23.62014451
34.65238975,32.35118134,33.25920293,40.66123382,41.10185336
28.8348538,38.02829056,30.41605291,25.40997693,30.04847118
35.98995065,41.10431898,31.78257847,35.79523884,31.78763321
21.76099543,37.52333962,31.70543164,27.19472348,32.59804382
41.77921241,27.31138281,30.4636045,24.94688509,32.03615105
21.52970964,44.02471214,33.41584287,39.36208139,26.21294508
37.25504389,37.82862403,42.3410903,35.2199238,26.51524237
26.49426884,33.7230738,38.75251365,27.96634429,37.67378748
28.15213328,25.52733066,31.9912494,26.24151872,25.21437853
36.54400088,25.29597153,39.22266072,37.51604746,24.37808793
34.6044393,43.62179657,23.79103008,28.30016098,39.17485886
38.0288635,19.44183377,23.7513967,36.78010377,30.13485736
27.81922434,25.48165561,34.35454836,37.08002681,28.33252821
28.87071821,29.888174,31.80573976,32.64231988,23.94731681
29.90199911,25.89495412,22.52450169,28.56222974,16.85390658
27.51159006,17.97812473,36.80329473,31.90379753,40.33648797
34.42027706,28.93026089,39.88973419,35.67636118,35.96239565
29.70336069,25.47668885,31.27905952,27.72368023,37.34005668
34.56713113,34.40575933,31.12128897,29.68738577,33.04318722
37.40183852,27.87403561,28.40226058,31.62041724,36.74434862
37.97928885,36.58252501,33.88160494,39.70371788,27.44255981
36.47427371,24.88327394,16.8572474,28.28372637,35.90855291
31.88106722,28.29530364,29.96053782,24.34823932,29.90151096
22.34312868,25.04489569,33.98235299,19.7410286,31.73835439
31.25680661,41.13990256,20.34572217,38.6170374,32.70869805
41.91445791,35.83879823,31.59053253,28.54161205,33.17146672
29.44573619,33.14910824,35.86285048,38.7255647,27.66073775
32.17568177,19.87932589,31.59164746,36.69058561,29.11598991
25.42127664,23.99898308,28.18547643,27.13347762,31.90837316
29.54429616,33.26206949,23.03828874,15.16865662,20.14459269
28.50689423,33.60398786,25.00134674,34.71233227,30.03586956
41.09923085,33.65491839,29.88645077,40.74511765,26.29927021
36.57564499,23.6035443,26.73289197,32.90897029,26.25412305
30.80940042,40.79266509,25.19560318,25.38267124,36.59037587
27.39301307,30.1193393,32.30380235,31.36842166,31.66373397
34.31174384,31.11967003,31.71905065,35.49269555,31.63074893
38.05726951,28.66757059,15.54352907,26.5448438,32.17628816
31.4140581,22.44463195,31.49890981,33.13531292,32.84427413
30.96619419,33.5508537,33.5763238,16.04749074,30.06812532
29.79357405,20.92949146,32.39737554,36.58653641,31.52381104
22.84150617,28.65429731,30.60170072,30.22147918,27.57225673
22.81447363,37.05851233,28.72195513,28.80731676,36.03206553
25.27202471,31.85139351,38.09956855,22.14782807,32.90242999
37.34995521,25.56163202,29.96095662,29.83077959,37.33638089
31.8226143,30.3634331,27.10852487,31.14993819,32.51628373
26.15937245,42.26185095,20.09158928,37.45974395,26.87754522
33.22907092,28.04580425,29.03814097,23.81899089,31.09957728
35.66226354,26.85266599,33.08267738,29.14753164,28.38665245
25.57963207,32.01621319,25.39575638,27.68559884,42.76758035
29.36485982,27.43510028,21.26430887,37.40221324,35.34528841
30.29195386,27.58743798,28.20756047,24.70984219,33.28171522
22.72023622,25.60653484,34.06908694,28.2657746,21.2006929
32.14648464,25.81839226,28.10154185,30.96239961,30.90333669
28.64706353,40.28103161,25.60199236,28.06420778,30.80351601
30.74196245,28.19333957,31.71024901,34.23100214,29.07994658
37.79052275,36.40551387,31.56197103,35.43764042,27.14802079
26.46593762,44.07783234,31.28045103,32.31206765,20.93755402
46.14304347,32.18159455,29.82418952,33.37354349,30.89506562
32.58450969,28.13855491,23.53117542,31.01037697,29.28564405
30.5318776,30.4092629,31.63491819,33.74884418,29.07427558
21.04908084,27.87297286,37.6822848,31.85039379,28.94709183
34.5819873,25.56127234,29.45726218,28.40784696,40.77133208
22.89286834,24.38966756,28.67921597,28.7938339,31.40106048
33.50224319,25.33438743,21.92015416,32.02841903,33.31876273
24.72914356,40.60977826,32.9094347,34.11582664,25.46963504
23.94631479,22.87035115,36.02259823,30.88920394,32.57871074
19.88582072,24.78769908,25.2237689,31.44675855,38.12752396
33.27496723,36.12907423,32.16809469,40.37516716,32.83904142
33.51656965,35.56236072,34.43058859,38.00139633,30.56210485
21.19183373,29.97990483,33.6237436,36.01343856,31.79751464
31.25895427,27.06898084,40.71169549,34.30329291,37.88797438
28.90220162,25.31039201,24.49465854,41.77435424,30.95383363
27.48619007,30.53155023,28.74285694,39.56216115,40.19778559
31.22951977,20.07444935,33.69567228,21.68578472,28.08992841
35.32993883,31.69062313,25.69633339,39.36597598,35.23215835
37.64365401,18.05106285,38.06468502,31.06836855,30.79908738
33.43092066,30.55658164,36.23920743,32.06520281,29.24471775
32.89748229,27.39557828,33.69103287,28.45895592,27.98502918
29.34535822,17.46328585,37.58617659,27.19610894,34.7511845
31.65534051,40.56237744,18.13286553,30.72732179,26.45110122
40.27880794,41.36433326,35.00738872,27.50001015,32.03687686
46.15237677,36.73715199,42.70583428,20.05973987,35.6243342
27.1783944,29.90291928,34.6873309,26.6190212,31.52791388
33.15269957,31.89208862,42.41166046,29.9480071,24.59024741
34.90323959,30.97034886,33.94805265,39.57522674,35.10071248
27.54660978,25.87926965,34.9317861,26.31859404,21.63103258
23.69294003,33.92485147,40.95360426,20.51809664,21.54459856
32.74047932,22.24627916,28.85079677,34.37962778,20.95812454
35.3159737,40.75686768,27.79585318,25.99501838,38.57440444
41.06467214,31.46301246,21.60183499,32.70512441,31.30449327
20.97652666,23.39774681,38.35936334,33.73580486,31.08466267
30.52802292,21.99208753,31.46412541,37.12707998,35.85823485
26.18485289,28.95097084,34.64835764,26.65764028,21.90409082
22.32553081,33.50951088,39.25614137,20.62129193,28.07358027
13.95883843,32.7114184,29.42834034,36.70692818,30.24586443
23.35647096,24.0475489,28.66346858,42.09919863,21.97154861
27.50764832,36.22849059,20.49426164,26.89175087,18.05382057
25.1535339,28.16452557,31.54373651,29.08355136,26.79678074
40.2973239,29.53690761,34.81643572,34.65093945,33.33458155
29.52702285,22.82642658,27.93981673,30.11631826,38.88300893
34.30972931,20.11501425,23.45576261,16.00706689,28.1866515
21.17688189,36.19833011,30.79396293,31.75639897,30.31455541
40.50756066,36.53853271,21.35133547,30.89385996,25.79247381
27.17936053,30.38071991,41.60783545,30.53796524,26.52657199
23.70052071,38.32190062,19.64528926,30.76654683,34.79852616
33.35069973,13.49923234,30.12267202,35.1560558,27.70419992
33.01429538,28.33522293,29.62528405,35.01964625,39.23776762
29.31622414,30.81971191,32.89138107,25.09054318,28.61249881
23.76755298,22.85703713,36.52374242,36.19407001,36.00677094
36.11020293,30.95368191,41.03269122,29.24441475,24.50597659
36.18067844,29.91836999,29.59898824,41.48323643,25.36190478
36.248044,35.99335616,34.43461648,25.6814546,27.06381785
24.99677366,23.12184424,27.50751868,29.73566168,26.289782
28.60371707,21.57054819,19.47217704,40.78495226,31.67153144
26.84185187,33.89577817,37.3458809,26.8124236,38.29042562
36.73130491,30.90433956,32.23867177,20.86591564,40.96090685
41.22709503,24.86884443,27.38764692,16.67613874,29.25624632
22.15609797,23.33266122,38.55538446,29.22333005,34.26395993
31.09346774,44.37801843,44.40564177,35.55577915,38.44228484
26.47210745,32.74231894,22.78164917,25.32908169,39.67252376
38.426585,25.63885852,16.04458325,37.12286086,38.12549311
30.97828058,33.08824374,29.2831007,31.54108169,24.31788431
24.40400444,30.01055633,27.01955826,24.90391128,29.97403069
29.76310057,34.22508691,29.8068345,23.49534126,30.80118916
25.9585183,34.98610403,23.79754147,21.79512615,21.6265675
28.8150846,36.06027959,21.72799409,26.16603189,26.16278374
27.94597494,45.774742,33.2595017,32.64955119,30.52744349
33.83868762,22.34848805,26.51474372,25.96105546,28.61676411
40.10277603,26.19904623,23.7370872,25.5888071,37.65171136
28.7253429,33.71900103,24.78667605,34.54923829,29.31076144
30.68498877,40.22804442,24.40216701,32.18141333,29.5872998
27.00939871,41.6902708,33.66424697,27.90565145,36.77215698
38.67661756,35.04292376,33.12789881,29.3177007,36.53631856
29.58320636,27.90984039,26.52054747,28.33441616,27.9635835
33.72269967,40.47942786,34.501705,33.21291117,39.1732946
29.20141711,32.33610696,28.49045965,24.42327483,29.35967295
32.59136689,34.95597751,34.87856861,26.97786744,28.33406427
31.51756227,26.84892665,29.25162604,28.14941982,36.6127581
38.44839601,29.44623152,24.74538238,31.74189349,27.77172414
27.34534202,36.96081929,43.40761385,37.13638149,36.04457588
35.11460713,22.97183995,44.33531459,26.53296757,28.638799
25.29333072,27.89876081,26.85567609,29.24524016,28.74810257
37.97960435,20.87786126,26.44582103,26.5032018,18.61748188
39.2306834,36.6131214,44.11272119,32.70974377,23.86368985
31.26838549,29.25154538,19.21846962,25.4174662,26.38986345
31.33759803,34.95003392,40.8157345,38.79515149,28.41546036
23.3141818,34.26512355,32.15790259,21.75683627,19.07337407
24.99978941,20.43170028,30.48724464,36.53487616,31.51598308
20.62079597,37.28916213,24.43761431,31.07822874,33.69470146
46.59958929,37.8075542,38.59294099,23.63237991,29.3213535
34.18065553,29.84253545,24.91856122,28.95298822,27.90627072
24.48450816,27.31583242,29.42189506,30.40288713,33.08062415
22.59831262,31.66823537,34.35510562,30.10638182,37.49422047
22.84419163,30.34445412,25.9481116,39.25134126,30.59628395
21.82753558,32.20593634,24.99151594,34.43101837,31.32556246
40.81803224,26.71003712,25.63238376,39.63597095,22.6604604
38.00750547,24.15831428,34.13022982,32.7606563,30.31382898
25.43921399,33.62796312,34.76600515,27.39344668,28.04372378
26.73238377,25.46012967,24.1892251,33.78737879,32.46871503
28.04068519,32.06254988,29.90720665,30.02252181,35.20154736
38.54069046,20.53530518,25.19317102,24.74350528,26.50495833
29.36451462,30.83217745,36.77702587,26.60756137,33.10377656
43.48660685,36.14823592,27.48147364,34.80756307,31.32044272
32.42603531,25.37945741,35.6911765,28.96671901,35.48938
36.80138747,27.43565344,30.66432639,25.98811398,26.26587247
32.14674661,37.55723791,27.36433968,38.44629804,35.56501235
27.58204102,32.41291337,30.36889276,20.07990377,40.07686207
23.73444886,40.13264608,29.25694224,32.99602058,27.55712434
28.06565245,32.26480151,31.71685172,36.06087441,29.63258597
27.70027413,33.28840073,34.25591508,33.18180465,35.01761781
39.30899511,25.89023443,22.24543688,31.77985468,20.78365017
33.43161819,37.05816106,29.2034054,33.72242778,23.68814672
29.0257141,27.3662211,28.95206945,25.51647688,32.99473154
28.41975616,24.55916245,33.92560059,28.04882198,30.45734078
42.82763023,34.2995386,36.4716808,32.05608806,17.51600942
26.70870531,32.63188614,46.00781077,24.73152135,28.714113
42.77039397,34.21784218,29.54544676,30.27571401,29.16180277
26.80687756,28.59198875,40.2434544,30.26578756,29.50659582
21.94624152,28.19555453,27.44271899,19.41873484,17.23563804
24.34314568,32.52420712,21.29484994,36.02419292,19.10206561
26.5181531,31.2377248,32.51918024,27.31460891,35.57301853
39.66252154,30.25896141,36.14471525,29.55281638,24.78572399
41.82642163,28.59913063,44.45685013,32.34670301,31.51982852
34.63684828,32.70233269,27.01631936,37.63303373,39.54464317
27.18921011,35.26130499,40.73235772,27.28782549,30.62739373
32.40534118,32.70113194,29.73581927,26.00750656,29.58135856
27.08011592,41.59224412,23.69246071,35.7608605,38.49922992
36.47256614,34.19994767,22.90907672,35.40215696,39.233878
26.4699303,35.01085756,28.11193472,19.02907796,18.88011315
33.85398506,24.42290369,38.23837288,23.40939592,32.24492452
28.29420541,26.41851861,32.72145922,30.43087209,27.07009001
34.04559819,25.68440574,32.84430658,41.26270268,29.91716345
35.98772697,38.15719856,37.90694328,26.22974814,32.09718011
29.08824152,33.71022279,24.44077547,27.16831222,27.90039776
25.42714011,21.27552404,35.56948321,34.18446032,42.14742239
36.26719264,27.41379747,31.97941088,24.0793264,24.51728792
24.8406093,31.06137145,29.65180284,22.94220928,29.05604843
35.31798442,36.48360033,26.19001382,35.22392693,34.55118245
32.66528708,35.08974347,34.76418169,23.21735128,29.45782424
29.23449449,20.97063411,29.46547043,30.06777856,24.37219712
20.14497234,39.64458684,30.16564589,30.57342609,23.96310727
28.14744703,28.0598048,21.380933,25.03759234,30.31186604
37.77995703,19.51585719,44.2317048,26.71070551,35.72371609
28.86268174,33.80124087,30.31656461,40.25310609,27.74837643
44.74458526,36.55898955,26.06148119,26.78147524,19.00827561
24.98379309,29.79671799,18.80205128,19.77349375,35.41282033
24.10045455,38.62369393,29.59251848,39.63289814,32.37196315
27.57100423,19.05547073,37.86378744,29.63994568,26.65562186
22.07164839,37.84852187,20.14896461,18.49005546,31.2412144
29.28898095,42.64855941,31.49192384,27.78968576,31.91403485
25.98342904,21.79219666,34.0763726,23.22328333,33.40708119
30.83328862,35.13653629,22.18784121,36.42726551,33.34173984
44.18386695,29.64396448,28.17855251,28.39529574,27.89387037
24.11991307,38.46412653,35.49306157,24.71025118,40.184344
32.65536474,32.81681121,23.62395271,23.47026942,21.06243933
39.28389699,24.92295819,31.82607791,33.64093162,31.63986844
34.14199666,38.31756527,26.66708091,36.43490557,29.7994631
31.0367499,36.7481699,31.35836835,28.77085595,33.52070032
35.74653402,25.76881959,32.55408911,38.61874169,33.73005589
26.07071622,27.26107179,25.77878659,38.17168864,46.34347737
36.2598325,36.33953673,23.37192238,47.69968195,42.54833914
42.44576461,32.24940995,28.8559682,24.97815089,23.02679313
33.1471601,32.90211754,36.46433295,34.50685753,31.73371024
26.07549239,21.69307742,30.18980344,25.36032028,43.9273441
34.50174515,25.0178702,24.95440755,25.28804262,23.28970326
35.29921569,28.85308991,35.29462758,32.60172666,33.0876403
25.81648018,39.16163318,35.93236277,32.75930055,33.26047242
30.48873795,26.42318251,31.72775922,29.38706784,21.00217569
29.96981104,30.67963961,32.30294989,37.31520527,32.28759526
41.34226891,28.66892297,24.21240241,30.45138566,21.52442054
29.70818193,31.03353134,24.45645438,32.88002632,33.00619336
30.70660477,29.99166087,40.18961538,31.88390129,35.17336853
31.89879719,15.8746933,24.05568998,28.87361108,28.92293309
31.18867128,34.28506024,31.54782019,40.46762063,31.51800555
20.98918844,39.50306838,38.42839916,42.31925815,24.58201415
31.16380614,23.12563822,29.04373876,33.66518551,27.12365538
32.60829266,27.99639094,35.65851043,27.83893416,31.47704006
29.9435756,26.80037792,20.28307668,20.76020233,36.28557801
28.77665523,32.44196129,36.77558303,23.28695456,27.79545546
30.1346328,28.14153343,32.32266173,34.65237507,35.62649808
26.40773391,29.29641792,20.73638588,29.06931321,36.45110222
37.31042075,22.1712864,44.05957555,35.1434867,34.53947377
36.98737282,25.5149754,29.75198724,14.9537301,31.31764627
36.61156601,23.36179249,29.15671851,35.51323437,43.23423763
30.07352292,33.49228609,38.81177055,32.15649094,25.716718
26.99814157,32.85967614,27.67475228,36.87871808,25.94686071
21.49319388,26.67893522,23.29340087,34.19925619,31.90656278
28.70462637,37.21865852,36.99606843,26.62362031,33.88596296
32.83355804,35.14458222,36.71323001,31.41989547,28.07553956
33.13958639,37.90977443,32.93765344,33.96792482,22.30745986
42.01998158,26.94747215,35.44639561,28.69408891,38.1339939
27.8430732,40.54958194,24.79070466,29.40996389,28.42889521
46.96592205,30.70669582,34.42712907,33.44372307,25.55299756
27.81926872,26.86974621,25.11564347,20.91764419,27.77206777
27.72477661,17.68537128,32.78236025,22.82240217,37.54634712
37.79704407,23.67229166,39.36798134,28.5651423,24.74830652
41.86144656,25.01503495,33.48281849,35.77176823,30.33052052
34.38599452,35.10976442,18.65780675,30.13736523,34.41524287
22.35769129,25.90008049,32.1911593,21.1591434,35.95317969
35.83214307,27.32489377,23.36008246,29.22775536,31.88512153
32.84444315,34.89787806,38.17474492,31.90278388,34.30029562
25.02787032,28.10478874,26.22032243,30.88971624,36.52353866
36.12184393,32.75821273,27.81582174,32.07281005,28.24384408
37.20767116,30.55146814,25.15935391,39.94677572,32.22860357
26.59590744,16.70710303,24.94220176,37.74835075,33.16001735
27.47587044,25.44920463,21.52496014,27.05430307,19.86030953
33.43746133,28.43360692,34.91860178,38.50380579,34.96891478
33.94822657,23.19030692,31.44026778,32.47239255,34.00858909
35.38802902,31.42209035,28.35234997,30.90587837,26.66289489
36.64898945,24.76881831,46.86670332,30.91177148,35.42010412
20.84715678,28.15091439,37.03944312,25.90424525,25.95945173
18.24002582,39.04700422,38.44624275,36.51637419,40.29317168
29.92165988,38.98980247,32.33741918,32.34866404,31.05405345
35.01127176,22.98240212,27.64746632,35.42526524,23.42044461
32.96911234,34.6623366,28.95186701,38.47590684,36.25408636
22.2474569,23.07267127,28.58010809,32.50688953,36.23768724
25.46904902,38.71393943,51.19090329,33.90010597,42.91692815
18.18729968,25.71945214,21.14327552,35.56690103,20.75755673
31.60996568,32.59270551,35.08608022,29.7164924,37.65716947
25.86645732,34.16596047,28.47145234,27.95876109,32.85763095
31.79482602,24.59011279,31.03427554,37.40772338,25.50642943
25.14330323,33.32383073,26.40310691,37.11725816,33.59713072
35.24062955,35.04944794,36.2370416,31.00671742,17.14216005
33.94433769,41.67137226,25.70576634,28.267495,32.2478835
35.58632828,33.50068593,27.35308042,29.87165031,39.46784354
28.15402213,36.00889718,18.47446793,36.38670485,28.81429934
33.59735624,34.56403434,29.61638386,27.52681618,36.41183973
33.96903567,29.64083004,33.40297771,32.49567992,36.20999203
28.07740511,29.43512103,33.23760207,38.46157703,34.92151707
36.3859804,25.08547679,37.67211274,24.28259171,30.88051311
33.95468696,34.45416607,38.99674237,20.99910613,31.05612104
25.76815412,35.43110735,29.02181294,31.19738568,32.99538629
31.4197636,27.67937987,43.60869167,24.3777807,33.72648009
26.49319285,31.00025725,23.83262508,34.76472485,28.900442
37.56065792,30.56579722,34.77586441,35.97388788,30.03931632
36.19072304,26.66560934,39.44792197,30.02852738,34.98757688
27.78557052,29.23164738,32.2223781,41.02035341,21.11149897
29.51457743,28.24988297,38.06299403,16.62873245,33.33262581
38.22460803,29.18460584,25.45789285,30.77825947,22.61707583
25.42607145,27.36092712,33.34507748,40.33128374,28.98926741
22.62401849,32.49426571,29.40334512,24.24458387,36.6778889
30.33144656,20.41088058,33.83844377,27.99475668,27.44811306
30.58655447,22.92200477,28.90983413,24.96550057,27.5543591
33.67027991,22.33157143,43.70349763,36.66862515,25.21504132
50.56430096,34.51566302,25.56794435,24.35587001,38.87445421
41.90308082,31.64255667,29.40329648,30.65480237,23.34814049
26.37549912,30.14192828,30.44551271,24.52354804,23.66971337
26.66744396,27.05081053,7.350818674,26.75379818,30.80772133
37.58808323,35.28202467,21.74424293,43.80380433,34.07513229
27.67666077,32.85246739,17.36147303,20.68155578,27.11807188
35.94568717,25.86694552,40.26167561,29.70705489,31.09034903
24.57583424,42.5418873,27.53870432,24.24024598,35.82085617
38.96035646,34.82670669,31.71323995,33.69445521,17.3591567
36.65558339,32.70498476,20.37628033,29.58910654,26.29861666
26.27366755,47.55096959,26.26846904,27.30057744,29.77658139
27.08403865,27.83072192,25.10560114,30.7662016,31.8354629
28.69294732,26.25538758,34.7459083,21.4188894,30.16056876
18.48248867,20.81254392,25.60298796,36.61159416,26.45807842
29.91195412,29.54685937,33.87170364,32.09833213,29.0221629
14.22532676,29.09105225,25.80120267,31.84573716,31.15017021
27.36972627,24.79421819,31.57353422,29.18422596,24.43191584
33.20982741,27.22126266,15.51515438,23.46957763,28.18582386
32.39336205,17.04997647,26.13092222,37.56972942,18.34718422
25.25102671,37.47554869,40.0690324,40.5123026,31.70187558
27.57050153,26.90001466,29.26490643,20.35848308,36.26693353
26.55661084,38.75342273,32.47514971,33.77136068,24.74451485
32.51258881,23.34475224,18.07682643,33.71294073,33.42850847
22.88534556,30.20680398,22.51713811,23.26190187,16.39771304
24.99305445,37.59367123,34.16827142,24.97403423,33.88679257
25.15080457,28.68090415,29.52353551,34.39935799,35.17757437
30.07966248,23.5659423,20.72883694,31.55734488,28.99165867
16.57225721,25.1652493,33.4364944,33.94868055,28.36545156
35.04939006,34.79520623,13.08453065,41.42055822,21.69580505
27.41787384,30.16142447,27.58453219,34.53931305,26.46414008
31.74261677,39.48161259,32.04348362,10.98502508,32.40815939
32.74548977,27.82102165,21.18652515,31.06138963,32.01903695
40.36107196,28.80348413,28.10604751,25.50788796,23.68944394
41.48776921,30.41589227,36.76054345,34.54711834,36.80001983
28.02307188,36.64747843,25.42799021,33.14508871,35.12127867
39.44112443,35.20211774,20.88870643,32.30766718,30.85219257
28.0386217,29.40482031,18.11257039,36.64282187,29.68142334
32.05555988,25.88195664,25.75865316,35.42321603,33.57463698
42.53894976,27.67779163,28.68258813,34.15405726,38.80109273
32.39607814,16.42598144,33.39078225,29.00439148,20.02424307
23.1597337,44.97480222,33.24760323,30.12290584,27.4739224
25.45185844,32.09487738,12.41547982,34.90202178,29.58665704
37.5227863,42.99463975,19.21684608,35.57849929,41.08954001
29.41836689,28.39268729,21.17969361,26.36000879,28.16986527
30.69231436,22.45541511,29.47757477,29.91912893,29.41658792
36.64998151,19.38907119,18.40280026,29.24386835,35.9647952
36.62196471,32.21061983,30.94782134,25.52607226,34.83892686
35.93132465,43.67616942,34.51342907,38.08936099,38.27954401
39.90550544,33.00152004,31.49707464,27.95139471,40.83532353
30.7828268,28.65481251,28.01562698,35.59630287,22.29353003
34.07315878,33.44839842,24.50595941,40.40987346,29.46557785
35.46452961,27.26148326,39.08906055,37.17232305,35.54551758
34.16253281,37.57959565,28.34707637,25.04529131,42.80278629
29.98003499,25.66630704,24.47482899,32.87261084,34.2465553
26.94765164,31.54046722,12.81653968,20.19718903,17.66382734
33.42922907,28.68172332,22.34009257,33.9758288,42.23017026
29.90029722,43.95269227,25.74202376,28.44700882,29.25764532
28.4302927,21.16120675,20.58015125,27.91198581,30.99146887
38.80065126,37.6439759,25.22399399,23.3076033,26.80088752
33.38388133,21.242404,26.69156772,28.89221274,39.2459381
37.06047844,41.51566702,30.3692757,27.5567269,23.17588701
37.33154715,43.51068561,25.08780244,29.86186056,29.086631
32.86006948,29.1312046,32.21945096,23.93285517,27.38406439
31.29589196,38.78561327,35.92378791,44.07666788,36.50777108
33.46441443,28.30717207,29.9360073,31.98761894,35.37157324
24.69620337,24.96230941,28.27476943,31.38434463,26.15883977
35.7061785,28.27356714,34.99696006,38.05949487,27.84491642
30.25871408,28.36302768,26.11073954,33.01616366,25.61476188
33.77986753,37.29251837,31.48357529,34.90811078,32.0684019
24.6685022,26.65358262,39.25070941,37.51063834,19.36046124
24.27720198,18.70557848,33.95309815,29.2804673,31.88579365
34.10198811,29.53598933,23.9947514,32.83977949,41.09156767
28.43791294,31.40995597,46.26691635,25.39197368,25.47167433
23.87445616,31.71843315,21.94935213,29.30825345,33.4213099
38.41155677,22.04041098,28.25641584,27.88247045,37.50801807
26.58068228,35.38760238,29.76962488,35.73100802,35.38166165
29.39949554,32.99464247,38.02730007,28.43061366,34.76380981
32.75670393,35.28058608,31.80783447,32.83192106,31.36934992
36.66317436,29.27085882,28.1510666,36.90221855,37.36601122
39.42262038,27.98960627,24.71455713,38.63318131,32.20809106
31.89195507,30.61318718,20.3932112,35.08004457,25.80908653
29.09067373,39.03356641,33.02071886,34.48025967,24.7464868
32.83629521,26.81058758,35.78806715,38.67689118,43.60112157
28.80856486,26.22013208,22.2450969,30.52577267,31.41392516
37.76961117,42.90405871,36.97420516,25.37890969,37.50682582
25.65128239,31.09655871,19.82230963,21.66281917,32.23939936
24.0582809,46.30293948,23.6380232,18.27038957,45.93421596
33.00792919,29.92382627,45.09052837,23.31232184,21.29996735
24.14666589,38.81292177,38.96081677,49.38138546,23.1156138
26.62829521,29.41392007,26.25944756,39.70176023,38.568826
28.92449452,23.41323466,31.70419328,41.82767088,23.00574641
35.4572079,32.82543607,37.56220883,45.42584453,20.31716155
32.92384769,24.42416135,32.16530766,28.70427189,27.05016983
38.17875274,31.31845526,20.9119968,33.4171186,32.08391888
33.67052583,27.65153795,23.11862196,25.86225599,25.7201911
27.34628024,34.13811859,40.04860107,26.97305391,29.03012025
23.84163914,35.94351552,29.30985345,25.07888349,37.68836299
35.70169612,38.27734215,20.25370679,28.80049505,27.90389221
28.86614882,34.2685867,20.38260043,30.45088263,32.10172977
35.72828551,34.35427011,37.62941195,31.13981247,31.16404217
37.2516543,38.52348196,32.93207698,24.55530629,32.06821249
18.97446137,29.28028072,32.97378046,22.46531134,26.11371588
39.32963995,40.48399397,31.34898475,25.86184579,21.4013932
38.26951609,36.45036488,30.59966531,30.17222168,28.03939982
36.08867161,35.04090468,26.41205119,39.63947253,30.20097041
28.05133032,22.44065192,27.24349783,37.66520373,31.07941153
36.73062305,33.09470201,37.32456238,36.25950112,32.78908707
31.75371809,28.11874533,34.89670979,36.02371586,39.70952277
30.00382107,36.73796485,31.93578171,28.81575071,26.78144329
21.29295448,35.74334107,25.72246533,38.55047352,33.70535131
28.61162087,30.10016452,22.14621599,31.42410773,26.68768563
31.50543559,32.10761348,28.98362499,25.38643752,37.00553593
36.09298442,28.88904933,24.60866294,31.81249475,28.92021307
37.88219762,32.38613222,42.43954027,31.43881381,43.63679511
28.64111558,28.62770555,28.55974955,26.68133126,30.28542802
26.98414692,37.33467172,31.86382378,30.20166631,25.32577506
31.81952371,35.16317856,35.25689104,31.4838072,32.64117375
25.81506932,32.15882512,26.98470678,32.33096921,22.84513988
26.86626672,21.99841672,18.9917469,22.28220162,10.90343411
35.76367904,30.48469389,26.19948538,35.94245028,33.14795011
17.98509343,44.71446482,32.44488728,27.59149939,30.96657092
35.74874785,39.29503065,29.53502687,22.21784567,35.7620591
35.18865198,33.6863116,28.4648675,38.72838427,37.73734627
24.89768085,27.51341893,34.05966189,31.7459307,32.25829525
37.76900013,38.4249129,35.33392571,40.81205227,26.697596
34.56207011,31.86228539,44.55167806,28.78475323,26.32284704
37.69303686,26.28988297,20.01832105,38.38749735,27.93549219
43.44085461,18.89722099,33.15269803,33.61798038,36.12996355
22.65161165,39.07867198,23.48866243,36.19941441,21.57339277
29.13242064,29.55205803,28.3250906,24.7927764,26.33348086
26.745378,19.61741645,28.984589,35.23687199,19.64111022
28.43522151,27.22965477,19.14555829,24.74621219,40.92242421
25.63204637,30.58971752,34.59552749,32.10801574,41.41272152
27.84142505,33.60028116,41.0248877,29.92507273,38.802329
31.40040042,36.72614485,33.52252196,32.07763226,33.51727671
20.21884575,33.61215594,30.87826211,33.57205783,21.72724435
34.74364851,22.01429953,35.2596849,44.36388298,34.29739628
19.69956247,23.41974557,22.1551335,29.31059285,31.54702132
35.81498069,40.43495993,32.27779411,25.52823253,27.87462586
28.10999712,24.51573303,33.53522349,25.70445073,15.81627173
30.42573296,16.99828349,28.12768016,23.61986841,21.88266054
28.95222863,34.11751338,31.61995059,30.52326144,36.65650228
34.26973827,32.20440472,39.05733904,41.07556313,17.23475844
29.45756314,26.40888187,43.62148271,37.99166459,40.30079083
27.58900523,29.4112094,44.81594538,33.58083257,32.63714959
32.95801357,26.31745469,32.44906676,29.58014076,26.329787
42.11885342,28.9686473,30.24510122,28.4485417,28.97767653
33.97826607,14.28741701,29.77773702,36.72456376,25.76516375
30.7408674,31.47415115,41.05570639,4.532666239,30.69353906
36.59366793,26.79492255,38.83660004,33.5524235,31.593325
32.41650021,30.94661289,21.99457597,33.81625589,20.30368829
26.37754077,25.92401093,24.28186019,34.40558881,26.76807199
23.43894376,29.19777132,44.04328404,29.76690976,21.10533352
33.34482254,24.53541143,19.74601201,26.56344814,34.65875507
26.23002338,25.81692339,30.25121939,30.24188116,30.77363884
24.33772053,26.61044326,31.0727804,26.97616224,27.29527936
30.27209083,32.64361635,35.68115857,20.6555427,29.06075532
29.08122264,26.39551631,26.5346492,28.50934394,27.09093655
31.9964544,29.7458615,31.507278,35.86972412,20.90691534
43.80774368,47.08247415,29.91217529,32.75773716,39.59914001
36.67413561,44.3265066,37.01584136,24.8758905,33.99352004
30.34780336,31.72118098,26.3488242,36.15673926,23.80490189
28.07337203,25.58063732,34.62508099,26.68574183,28.42975364
29.24613876,32.93820464,31.7513163,31.66825423,35.88636965
29.70738263,41.00384927,33.80155513,39.17725276,32.89701525
29.40238451,26.86138236,36.47873535,29.12525081,20.96224897
36.62655535,27.75152033,39.7935738,24.26619586,31.56219244
36.80905111,33.98063097,37.32072187,32.48685777,42.42747914
23.75929641,28.35357363,29.53785068,35.90870346,39.51406587
28.93464215,43.2049162,28.4601848,33.03129268,28.51633209
30.58618808,28.25246924,24.02516431,36.21231679,31.73657545
38.13236342,13.52751873,41.31530969,33.48306057,37.14744397
32.16633887,27.80337786,43.27677612,24.91844439,30.3429401
30.48417107,27.78511857,27.23466545,36.91622816,34.30687772
32.99119189,42.75417061,32.00027428,26.84024052,35.28676012
39.47151256,36.60138215,35.24787024,42.39425713,33.57532076
30.76857658,25.82537815,28.74609509,34.38654888,33.21627042
27.56402431,22.33266832,38.35396634,23.17804508,21.87278989
26.29556279,24.51401326,32.25698219,27.09084976,34.79760382
32.04702123,39.62860093,34.95988387,34.52378832,30.33880263
32.33290041,23.38329504,31.96545543,29.79437038,32.43687467
39.33734422,29.1287633,24.01472854,27.85458215,16.49349492
33.60172847,24.35575665,34.54792746,37.92604536,27.072306
31.24988801,41.83514339,34.3258356,31.81424635,27.59571213
25.74238665,18.48362316,18.06542152,20.60030401,43.41657371
35.49753666,34.02414856,32.3196196,39.16067686,33.71803636
26.34692369,31.42598988,35.96669952,26.70956469,40.61814036
36.44022503,41.96594654,26.85800606,23.06845717,21.79334764
43.72813494,26.28595942,31.23778483,33.93963233,24.56192792
31.92690073,37.08044474,34.783101,23.62091561,25.72412334
20.90625737,28.52333469,23.30290935,42.01736642,21.77659341
30.1618548,38.3819556,33.68968696,27.56649775,30.1990185
35.54850232,22.59550906,32.94035872,30.50695171,28.7888975
31.85314668,33.35785974,25.96741054,32.71096724,22.55547042
39.2630404,36.01899925,44.16860239,27.23744132,37.07647678
33.10575651,38.96163946,34.52538084,27.12799497,36.08742389
26.02800149,25.62512574,25.82533237,32.56191183,41.61649451
35.87028892,30.20352456,32.22914989,25.63697116,29.70504869
27.18518405,35.01159755,38.80662937,29.90701711,32.75593348
30.48952384,26.02767557,40.59564023,26.01173883,35.86921304
20.24204252,38.06393177,38.82952413,32.65731368,31.16094095
23.02136773,34.88113983,33.16711672,25.67422282,29.69289409
24.25197526,40.18606268,33.17420073,35.70112285,30.60511653
39.83210898,44.95682851,32.48082828,17.68063273,35.420059
34.64984334,28.82395407,42.25333281,31.73609002,38.46889663
32.96826178,24.77247815,31.59189222,26.06154091,15.87156333
30.08379704,30.33798953,29.68552837,35.43564329,32.93649825
22.09459766,25.14718623,24.61622236,28.21060782,41.40183515
25.31232732,34.62635192,35.86956954,31.31438984,25.64335583
26.38708514,32.47723205,22.53202157,30.12187997,36.5545709
24.85800055,31.61196436,25.26390747,31.2863366,27.92062013
22.9752558,27.68248755,32.72574708,30.04163697,30.56581281
22.01878315,23.01190241,40.08149751,25.81834074,32.9716388
23.52340904,31.76237579,28.12176315,34.25228074,24.75902872
21.30436287,36.60215912,30.89830539,36.23785896,37.43750403
31.09115582,30.29687486,26.57503787,28.15011096,43.89090288
15.99030657,38.86528348,23.18863669,29.33809705,20.66821
31.90993738,29.7851341,27.0168827,20.71049002,23.81542723
36.90094066,31.82193884,27.64455658,17.56751354,27.84451292
35.33427898,26.31906592,29.40690229,40.41981585,36.32355898
32.66081152,25.67875793,41.57682838,30.41826671,40.65638742
31.9004198,35.03157973,44.6832215,37.97527722,30.57435015
28.17429567,30.25883472,33.32657655,18.44097492,27.01413836
34.94330042,24.76932648,22.23567324,27.11435971,43.79885233
37.21712184,42.73139676,26.09517859,30.80363342,21.26229057
33.56122275,29.82027861,32.0176464,33.70754356,30.41962312
42.14566133,37.69355446,30.3172227,22.96272385,29.39207793
26.85453361,29.66634448,24.05648883,29.18190183,37.65765667
23.26954218,25.8350876,30.09026919,39.52216141,30.90908545
37.56815461,38.95873313,31.48363519,34.46026732,20.78429668
23.88262238,21.22078283,22.03519169,31.97636855,32.97377359
37.8685823,28.88903224,24.4927365,28.38024772,45.29020206
28.61497463,31.27458178,23.55646833,35.02135656,37.79173248
36.631448,20.79062438,33.63147749,44.84532127,25.28388039
36.03129016,28.41305605,30.6118944,21.66341575,37.42190874
35.69432909,28.70103267,31.60580593,35.31263015,29.34436846
36.1119177,33.00824075,18.50044584,27.92423577,20.58987595
47.20664685,30.3037232,32.97988847,35.24217155,33.91763827
42.74987403,25.38421227,32.89935828,35.96822803,32.26565558
31.26657969,27.89360262,31.31428901,31.35568111,21.85091436
31.60837388,35.15966426,37.67750233,26.2025682,44.01975965
38.49134896,30.17563267,36.92012093,32.22781597,29.34381051
24.66397922,23.29004351,31.45786552,38.2868076,25.01109473
40.6677866,35.35981296,32.29416425,28.00968758,34.09272154
31.86457548,29.09957075,38.10632272,34.73646246,28.82724864
30.77632752,28.40550062,32.23739942,40.39670038,37.39087881
30.80448483,29.4551485,19.47428137,19.65958132,22.19122451
36.5511751,44.06990824,26.53895362,31.22526642,28.30121671
40.60455102,35.6065586,26.97522115,39.5491412,25.33455016
37.23501727,31.44707232,22.02735924,31.7300748,27.00679059
20.85781291,29.66403815,25.26849734,25.81037299,26.33569624
36.62187585,37.16590306,29.65443109,32.5679205,33.33027559
28.52452718,30.01822652,31.4866281,27.24585727,38.34667151
26.51747084,38.67001995,25.58098932,33.1691165,32.24038424
39.11436069,44.41857454,30.50433862,33.05929393,42.78194933
32.31013346,25.44071895,27.87850178,33.67837157,27.62385264
31.40730646,31.37978037,28.11011175,17.61156928,28.40251884
28.71436256,28.95988724,30.46774749,22.4833366,36.17125658
26.18523714,32.90990929,25.38158633,30.10835756,46.27120895
35.56475313,32.42099116,37.43180179,39.88430643,33.27106883
28.91791865,27.9355288,33.5452076,36.85182945,31.99360436
28.08021026,30.71868278,41.86469901,28.75116568,37.96214769
32.46419872,30.49023141,32.30794885,28.61654811,24.95770151
31.92500465,29.7972035,25.94025921,36.93575821,38.51334119
31.91742644,23.87703315,32.741617,35.63238169,29.15087168
28.90940497,34.09865949,32.59372011,31.50161154,25.7301572
41.79222204,20.44459585,36.83084628,23.96271081,30.11408399
30.46917334,35.52144688,23.75065684,38.05157639,42.27652982
31.80292578,32.32782043,25.83535383,31.50536325,17.06308389
38.03057847,33.1887388,38.9011813,25.98027227,25.25107228
32.32961489,45.34351786,35.11763601,29.50681614,24.65265182
33.60217085,33.45234153,31.14223439,20.92387076,28.33075785
21.04926291,42.05969522,35.05375361,21.73415773,37.7388271
48.12727557,20.00890323,30.84924838,31.98901815,35.11475793
31.10336315,35.64332159,31.85317605,30.45829074,22.13985928
35.57999197,29.20152608,35.1470394,37.92433721,28.34807919
31.65184436,32.40699285,17.61587519,36.06682508,30.76858054
32.79089702,45.77580747,36.8324891,16.81688662,37.05465589
24.75615148,14.90469593,23.6705959,34.46112132,31.6880211
29.46623885,24.42200231,34.56074902,38.61926236,22.87829939
24.74092772,33.33490724,32.19599893,39.64560035,41.98297912
24.90856581,28.03194853,37.08982639,28.48031568,31.1590357
31.83570976,23.18360046,22.91487078,34.66661307,26.6360154
25.91263347,39.00682801,29.52572192,39.93383896,32.27601664
38.61362293,33.31881347,34.52946248,35.1062672,28.81595882
28.71555443,29.07796403,33.94754267,21.87581218,32.65839728
21.39876793,26.1558942,36.99748594,29.05350701,40.53323052
30.78801099,35.31552434,21.89203228,25.18140666,27.10463038
25.36096212,37.35697274,27.490479,32.28438642,27.43473291
22.07251423,32.49562751,21.92582022,45.87798268,33.50036667
33.76066652,25.82275945,18.8132455,29.86325769,23.31959604
32.31974536,20.10112595,35.10008009,29.42906872,44.22392413
26.50115079,22.32261382,29.29181451,33.17347209,30.18710155
25.03132127,29.14899208,43.36663159,37.14379462,32.82106665
31.49074978,31.6874948,27.60788913,24.53129514,22.16829463
32.02588582,27.6609413,38.33095993,24.2929159,26.15685517
30.89399839,22.23501218,29.66814058,27.16696136,35.01144959
40.88524902,28.87423383,27.32286003,35.37448629,22.45895307
43.9187138,35.02301667,22.54948756,39.27920273,32.58989595
33.85650676,46.33045159,45.10036527,29.70770185,36.15063508
27.94457441,17.48403582,26.75600349,31.9606193,29.27567175
39.85019976,25.06091774,27.08949991,17.53459601,30.36301754
33.00627467,38.60169279,26.04851003,37.06774362,31.50664937
28.88902156,18.69006344,12.63049272,32.62770029,28.39011948
24.97398857,36.98344115,38.33360309,37.43492891,27.97256191
25.52399108,27.74037803,29.55487649,29.11071751,41.11153926
27.80424917,27.6925662,34.42137765,40.55301197,25.66956849
26.81306085,32.42483396,44.99981282,37.02903666,33.42417905
33.64083575,34.37807291,32.61788129,40.15665168,33.38253717
36.33540992,41.11556913,21.88533013,42.15535251,31.19103915
26.36408025,37.36100256,35.33397286,33.67339322,32.24342742
36.31792257,34.32014159,35.57684527,26.16674377,28.18135673
34.10933443,37.83500231,20.54630353,29.52782875,26.35000501
31.41654193,39.01920913,35.09039655,20.13650469,30.99579324
33.2555351,29.65386602,27.37546617,24.79819539,21.28285856
42.20324476,33.56412992,20.49552038,31.42243718,24.29778235
27.02777125,19.5774843,30.92520257,31.77383086,35.52077793
22.5102949,31.72121961,24.12201103,31.59948134,33.08062777
28.0170226,33.45307917,34.90662099,27.5677752,37.03616465
32.36643306,32.88177736,30.79776423,36.4230191,37.63407157
21.13224332,35.07803044,30.71646408,38.92838104,42.87301219
42.5700027,35.69199329,26.65749208,24.36619495,38.15620263
31.71528997,33.23878053,29.20204126,34.89282122,23.55159164
32.90163541,31.58640145,36.4398545,36.10767964,40.75102474
30.84772425,36.36321235,31.43626327,31.14237547,39.10260406
30.74418944,28.96451205,33.1288142,29.41476472,25.77683495
28.58591383,37.10681085,35.01975967,36.96470483,32.48194731
39.31561853,38.0715372,28.88837142,31.09219673,39.12803255
39.23740665,33.90903095,32.8908122,38.40816795,28.16894297
27.04094268,38.290616,25.38147507,27.86716214,29.22180107
21.59628498,28.82350551,22.86731044,30.59509288,37.04993393
28.56980678,35.37218225,23.80802908,28.52186661,32.43508536
34.71292953,30.0315469,30.96367968,18.03959682,32.67200032
28.53570198,32.88324445,29.22086632,34.15736647,19.87208369
24.40774638,25.62956192,26.2849532,21.11050532,41.49693062
19.01213558,19.99379723,36.63798007,37.28348156,29.61420049
27.62245835,34.06389905,27.9229283,39.4520662,47.46342334
36.90460477,44.89632683,30.09573056,36.19150324,31.87312102
19.35397099,26.336795,36.26266176,21.88047018,37.16412712
31.46325205,28.55768537,30.39848872,18.53884112,29.79371641
35.66513448,24.26061844,38.19193102,28.31458452,25.11709927
20.86215224,22.43932271,29.39625611,28.58691955,33.54975486
22.01859921,32.61473988,29.95284485,30.6999481,19.8546402
28.04618633,24.18135429,36.72228439,25.07781237,29.64568772
18.46156151,19.35034782,33.82315858,41.10494293,32.39654369
34.35756646,34.73978531,23.67625666,30.7363515,32.9336272
29.10576228,31.88738859,27.77359233,32.93045349,43.38904694
28.34568571,30.86810895,34.64643837,29.10770227,36.26095679
22.11406004,29.13533251,30.83755457,25.2257776,33.32882111
39.63714033,26.02201275,25.77208724,28.06874475,41.65639468
25.86435547,23.45273333,29.00300014,29.88399692,33.21210916
30.76235371,35.08404297,33.28265121,33.35143518,39.26458309
23.97774588,30.0447811,25.88486653,48.95915801,36.27104866
29.29933809,41.02379676,37.24610042,38.00040307,31.79886508
30.9885691,30.74938669,25.66724557,22.12564861,30.62480275
36.59326578,33.41159538,19.74169465,20.95822424,18.44685665
30.85020144,28.40067917,40.69192805,22.6274497,38.99471956
32.24739807,28.50903366,33.32514923,34.2602818,16.53740881
37.73639231,42.9679075,35.42536092,35.53792976,25.70617421
26.20530881,47.21103891,26.25150694,27.86754612,21.77145493
23.64108628,22.88001385,27.48503927,30.48474637,28.97872719
40.08718624,35.15295631,27.83504567,27.09338849,37.94231294
43.91517238,27.90336092,30.93347466,32.86068322,33.12417483
26.95167293,37.32325728,30.53642742,34.72720033,29.90347345
37.66462428,22.22923877,26.7408006,33.35342453,26.7200657
32.04404847,33.44974699,33.16808195,36.07891961,42.00607766
34.6955136,25.79661484,33.65542121,25.06693911,35.53779123
26.78197794,20.09306932,27.7452132,37.07843177,28.69846261
27.89265787,35.64208797,17.82593742,34.69536557,25.2997585
18.40430021,27.83745879,26.31324123,30.10726435,21.11410502
33.62908834,34.68834402,42.784462,28.90283097,37.43127614
35.22308547,18.70634985,41.77366389,41.47027036,26.40254127
35.88756699,34.90043177,36.94967083,33.92782398,36.2535959
34.62232521,44.9190883,28.50289527,34.60443849,30.27404156
36.62411872,23.68108473,28.90445049,35.25218846,33.72720672
42.84032104,42.17978875,36.67021098,29.48952182,37.32252405
37.72073744,32.33844345,27.04140495,41.73947893,22.80233478
25.72515634,21.88826229,35.96771968,32.20934751,40.1481357
34.3017324,31.91444939,20.01222946,39.85898754,38.91933259
22.71265644,14.88760824,25.27983562,35.59964235,30.37421874
32.09522298,36.51563251,22.25865379,40.91861169,39.49672812
20.77246958,39.04077619,37.81148971,28.52310353,27.9703703
15.00135746,34.66777294,30.70662063,33.81207035,20.02717984
38.3573354,25.482064,24.66961924,29.40592293,31.01691577
19.99732224,25.31190898,29.19802836,25.22063522,42.50635278
26.087292,36.41644082,26.97714384,32.94492099,25.3015547
34.61466523,39.53564708,24.50511888,31.17465716,28.96006975
30.01569026,33.31504338,34.35091954,32.84040374,24.35691316
32.6226756,31.16544725,28.81985195,32.7434703,26.99659515
25.33468984,26.74848653,36.03092634,34.10737063,33.95382985
35.21648215,38.51058001,33.78347149,33.70278389,33.87404621
17.6322936,22.76111884,34.16919283,26.86723494,30.9417877
21.34837229,29.52992008,17.03565897,34.88158407,28.92078295
28.35621274,36.19957965,34.98763969,31.31494535,21.02384497
22.25322431,36.14016686,24.45968972,17.91033593,32.58254526
23.20695691,28.57297404,33.86336207,21.66436019,25.91782087
25.95887202,17.92282571,20.41015902,17.67884017,31.85582072
33.56054213,34.6102507,35.06845455,27.53519475,23.87289837
22.35242543,25.13140424,24.39147334,41.20334921,27.74479379
21.59441858,28.00491792,37.46685562,28.36553269,27.30037211
32.37419446,25.32166478,29.88146596,29.83654382,38.30946495
37.68512766,35.01405891,33.69797732,30.82197646,32.22723518
27.7662718,23.35348247,19.98516442,15.1908137,48.45200462
36.26774709,25.24398343,21.8491209,21.0504187,36.37497337
34.55207053,41.58205406,20.85049321,26.98530074,36.15146027
27.28822053,31.8408556,25.43284742,39.57669787,35.25197936
20.67410368,21.46642555,30.99805789,33.08096632,27.38302981
39.51374834,31.31928206,36.39366057,27.07244259,30.31790089
33.70592426,16.73192614,38.69013186,33.89947017,35.2344642
26.69263779,32.50897661,38.43125803,29.2439944,25.29092779
25.86939035,30.03723979,36.77602869,36.36785802,30.5721843
33.23554373,30.31888274,26.22179928,34.89799423,33.71491259
34.56279001,24.6678386,29.30112113,32.25615512,38.84687582
25.10714578,27.53392274,25.25578685,33.49197072,27.77645783
38.88090111,32.6064645,33.31617764,26.608628,32.02632184
30.14694835,31.52707401,35.09436127,32.15813096,34.86383036
30.76534295,42.73390385,28.1904035,26.21586651,34.75278273
24.03048931,32.1404952,27.63117397,37.37789671,35.11245505
35.30103035,24.29253681,30.24931998,30.43767914,27.37113964
29.76157584,28.57722645,37.16308968,34.66673669,37.01488111
25.12833761,40.70804951,25.72933245,25.48365157,22.05384256
28.41348418,27.43944682,29.48269081,26.1895398,28.41104543
17.74062077,34.48613519,26.42065978,38.68991687,40.33657053
26.67717991,34.61751967,39.11562256,31.83143168,28.53232177
35.44373685,19.92969209,36.53708385,38.35616825,36.40329406
26.50196241,30.59965521,40.89991547,27.67626776,31.78259296
35.65492536,31.89601565,36.08065679,17.05462458,29.1831318
33.07202244,42.95624455,33.97230062,28.66246236,28.02384223
27.65999522,29.91748038,34.26252819,28.69061462,20.16588448
23.36338598,28.38450036,36.81477981,36.12019436,18.26430227
28.70597415,27.50764751,29.19235513,25.19154342,21.24000829
30.51129473,28.55249561,20.6218885,32.70137459,31.03050136
34.03432554,29.86809682,36.50808942,32.65536875,30.25379499
28.77868229,27.92634576,20.43078384,32.11652606,30.30247716
32.14245135,30.48456346,40.46740159,29.2880702,36.83404152
32.90724364,30.99579337,33.96791661,34.31227172,31.36114537
22.14622981,24.48964134,37.25442226,35.52725051,26.20594574
34.57369406,23.35113273,34.24663019,34.25135987,28.39289433
28.3461332,27.23832716,23.17395567,34.59910362,32.54619445
25.46664815,39.74034397,31.77808531,37.08531481,25.05697998
30.17634737,41.13117703,19.74311389,36.99253725,32.60171446
33.95823917,27.60582714,29.62466042,27.8000985,35.75354567
34.3772219,23.98345497,32.39416965,28.21161544,26.45992179
29.87774788,23.47239901,31.31661454,30.12061079,38.96648979
29.81148743,28.65989852,26.45167539,28.05731174,15.18629404
28.53459644,35.69680948,37.6153258,28.65500995,30.71385467
35.40532017,18.08314006,38.20856682,36.80101884,28.32110749
38.7509442,33.81696575,31.28840191,24.3157474,33.08415613
37.12234204,29.70628795,30.18845592,16.98098417,46.35262622
33.15023863,29.76945687,24.38593564,25.35474233,35.5480882
28.65158663,34.75314362,36.72391191,24.52641744,18.35836868
31.97764738,34.51087077,28.33514531,29.0356586,22.21259472
42.40451931,26.45132094,26.28315714,32.96093846,29.12929277
27.23717609,29.73250083,30.22396563,22.15668214,32.53808111
20.44611133,32.77978079,37.87518973,35.37799613,45.19965172
32.30801917,31.73536077,22.067232,29.94500645,31.54778144
28.33194457,40.58199826,38.92554389,30.10301814,34.41761756
31.92703491,30.76160743,31.70143144,23.88618097,23.42650878
25.0418302,28.50856261,30.4126324,31.97754312,37.62524861
29.09561181,39.34701995,23.05883753,28.61457572,36.96510972
28.76366567,38.29389123,26.49133246,30.46177181,26.80383397
26.5465608,30.64326072,36.33592148,35.39409377,21.5475898
22.270395,26.66555708,25.93228696,36.5150641,23.9546005
23.36491303,31.13499205,31.38675834,29.06395104,33.22367154
27.02489925,42.14460135,40.3920896,36.82527761,24.44202353
17.11897272,35.33246469,24.71534673,26.88869582,38.47015123
28.18275096,23.37927727,45.13278432,27.62906486,30.18744791
15.59286243,27.94435376,20.51292168,20.92487632,30.18270627
30.32706076,23.83972924,35.43043399,32.03982229,23.71499444
39.79533502,33.88508287,32.98200947,27.31473656,26.67979432
29.61002933,29.20357014,26.96180471,33.00856272,39.413849
16.62136958,31.08662847,25.81588974,33.75244915,32.97028348
37.23349717,43.05661397,33.03420525,30.26544976,31.51860729
33.98416849,18.19630252,24.76824801,28.10092121,42.43822981
29.26283907,19.20952737,24.07572834,20.4625623,21.21882325
34.90652604,26.48400101,37.79355912,29.23800286,32.04530202
41.86276189,34.43639131,36.18367857,37.32720633,15.5725844
27.90646679,30.25605005,25.57516723,29.5001503,34.93728387
30.42821464,35.16012043,36.11990962,32.89449229,23.0517185
29.68128108,42.07189509,35.72090791,30.61923517,28.04444862
16.82853446,30.27457737,28.62421765,40.30268423,29.38670367
29.77257065,35.30573439,32.38692589,24.46251466,28.73175055
31.7530222,19.20548018,24.05871738,30.75105279,42.43895897
24.82277089,30.12880981,32.45997123,31.35946729,31.45130283
31.7860328,27.40416954,22.52637764,36.87747444,34.24168141
20.18970009,17.05169966,32.39324044,24.93004014,23.36488992
29.58262715,27.96058012,36.99029637,32.86957098,37.34878751
27.59490371,34.85327043,33.58894248,25.01049913,33.05531585
22.36101315,36.31713931,39.21631405,39.59492378,42.27431631
25.47742307,29.44646747,32.43407646,33.49244801,21.12794104
30.80688172,30.83661505,36.25722515,42.72071553,29.01399603
29.83486036,28.09006694,37.80753182,30.87224206,37.56975812
29.09508739,18.0104693,31.17682442,30.51927556,30.48276631
22.05174074,23.48506078,36.39315094,31.82288982,23.81914299
35.6639753,27.26061577,30.78275852,32.5490903,36.23299318
36.31455835,35.51640407,29.04278478,35.71681006,28.22925734
30.62958505,32.97979793,25.34233165,35.13266863,33.03435704
32.19029207,23.30267936,36.952463,35.79860361,33.6594217
39.64440701,23.74558904,22.87232107,33.00388037,25.49628172
32.56083963,36.97264709,28.10865786,27.40566357,37.50382424
17.19544527,21.99032297,39.04078935,35.5224484,28.39547682
33.38390577,20.99827624,25.3277384,23.23650701,24.5512308
30.92165107,34.47801383,35.6579788,27.7411857,24.62707851
17.80020961,23.56324192,29.89716309,32.69009743,41.61225148
35.73791864,39.98550567,41.85604497,32.6556502,24.66028966
33.69785968,31.46365181,45.25000126,31.31804749,40.02733424
32.61487025,29.10621799,27.95779028,41.78217436,32.95321153
31.7689315,40.30101596,19.39604929,41.59578462,32.21449161
23.41833038,34.22571826,24.21494682,33.92795159,30.44305529
32.51216504,33.90016515,33.66913453,27.03783269,33.99711815
21.64922226,39.52554092,33.84887392,41.14499601,31.46686745
36.5333415,27.1328947,30.61765676,40.7456004,26.66582565
22.60828014,23.04961788,25.45478058,27.59564002,23.38789456
22.95165627,38.26121947,24.82619951,23.26580041,24.00506039
32.52378087,26.20083912,33.85517872,32.49082509,36.18958578
28.45586097,22.13187819,34.98698285,21.52759858,20.26462799
21.01648734,34.6718278,27.80111063,37.26730699,31.7559795
16.64368606,35.03187237,21.49170821,34.43287811,25.19083999
41.75576186,24.08717801,28.25832791,28.18588254,28.79420144
40.43596043,28.33848993,31.19652491,27.8011141,36.40377845
34.62870493,31.4558223,26.69967178,30.43741937,31.73470215
25.30343322,29.09169522,25.12607839,32.85708722,34.17442327
30.88418869,27.64888257,24.75316438,20.07530111,32.23788788
28.97331688,34.43035995,39.28495848,33.60924984,38.1114677
33.66061475,37.0322528,26.7091065,42.03529589,27.84772228
26.64895874,34.93946616,28.36276198,25.14308678,28.61412212
33.07191933,38.99379682,40.36203178,31.48292744,41.50400111
22.14207416,33.22385709,31.15514053,36.95991619,34.34202195
35.59699106,36.32733785,40.32920463,24.02571401,30.70157313
32.07094899,29.04064037,27.68921599,39.72028988,30.54530513
28.56324805,34.08845718,23.96242222,22.75242491,25.43106792
35.27238157,36.85996262,38.90963428,26.11727349,32.07035318
37.15003985,28.43315033,29.86222888,23.92888155,24.02117851
41.53066072,32.36781957,28.70835637,33.81238193,34.1558984
29.55573951,33.93989627,27.81754247,27.40652613,33.57470827
38.5769415,30.62920746,24.11045117,28.48416919,36.25879502
28.4809305,29.41377229,37.372299,17.88916479,31.39223193
30.03282061,32.1322267,40.05755767,33.10501652,36.71442569
25.90918443,29.47840933,25.35150522,27.39616376,34.48369512
25.72714417,23.2906027,31.65925287,39.64975642,24.8081354
32.25881284,22.45378655,26.37933653,20.8117219,31.70256033
33.90926071,24.85352991,30.09533747,36.69040953,36.01543204
30.92700056,24.84786265,22.69710723,30.23468481,15.67558398
37.5975963,19.99155421,35.61533792,28.31439411,33.16630089
30.0270735,27.58396296,29.76059155,36.5118881,27.21631746
33.20702558,39.31987089,33.03385842,38.37755319,31.53452969
38.4140242,43.94055728,31.85330341,22.13899097,31.21429272
26.45843923,21.35480552,33.94577027,25.65977545,34.97776016
28.3320901,31.45528232,27.40842624,30.08743518,35.20415063
34.16600375,30.80401705,37.10892375,27.52264557,26.6655346
38.26555349,20.30694282,34.14750434,31.77723181,23.4745076
23.32057828,23.23112887,26.02607824,39.14657696,28.02009174
31.26260332,36.43649183,37.38219897,25.58582533,36.59425997
43.47606003,41.82378686,28.29676181,35.92799246,31.33537688
41.97741448,32.15487386,27.97094489,39.99906945,38.07647353
30.7389877,34.85590183,30.2154251,36.76356086,31.74035232
41.44291282,21.64702549,26.13049512,33.53133552,18.32538347
31.57806762,31.83771809,26.8479976,35.71459283,26.95403074
32.64207902,35.48443599,33.32432165,32.60193316,30.22569863
31.00157274,35.88003655,17.32983,28.22747439,26.70005664
35.22974159,30.09396605,31.61030285,36.83929691,33.62300936
17.83565653,25.59239162,53.10979585,27.47212988,21.14053673
36.22375549,36.75666451,20.99874596,15.65449702,30.08082385
31.21031757,43.44718834,25.51856238,30.59604882,29.5938856
26.29256343,41.47047501,36.31505928,26.39383359,29.37242861
39.95078386,29.77149104,38.2353872,30.24693168,30.74066363
32.94298789,35.97945755,29.17356328,32.45912769,34.79057091
27.03798467,36.33897485,36.30858876,26.05611382,23.25556698
28.45947412,29.52818842,22.41074218,34.75783589,32.27643205
33.81303661,32.51968083,27.20714915,35.54190213,27.82660561
29.10712709,27.79295517,20.91462471,24.20369145,18.30741232
27.06636325,30.85637388,25.76120215,37.51392598,21.85454596
40.44884363,20.85494652,35.05265895,30.2710543,37.73847173
36.10421963,42.45045642,40.62435188,39.50729828,28.6051407
25.30483404,23.3708746,28.67932944,27.27517826,18.50093404
35.67503541,25.84287649,28.32518491,36.07270051,31.81586943
43.7043264,25.35772484,29.29669553,25.2163163,27.39946958
30.06320293,35.99889928,29.94682327,42.7891294,36.38255033
26.24446693,16.96819526,34.3142928,24.01068458,22.7771336
31.05902563,31.43394317,30.7250422,34.73385163,32.08195082
36.71901182,35.23523219,31.96327159,38.3385083,37.43139617
43.33931636,30.45079297,30.05565893,24.92109269,33.30272946
33.03947922,31.95800279,34.77951679,26.61798053,28.23956936
36.80189584,32.44089729,24.81869817,24.92094303,21.3515032
24.17435745,36.59673553,33.75720519,23.79924872,33.44136403
28.80135118,33.00168987,29.55066685,36.02136823,24.37127381
38.22672699,42.63555471,30.89783592,25.129689,27.23944805
29.93531616,37.65749909,32.75671614,27.53439535,25.25499913
19.52017498,24.92878554,34.64095891,34.07689413,29.7404958
23.97635656,21.83026615,30.55632978,21.82950092,36.1619998
28.22925758,33.8210652,30.81988803,24.74580091,28.4053898
36.74209258,28.94266602,26.20115872,19.9677117,31.18372928
24.76758243,37.69796112,30.78142193,28.26967845,31.10374379
21.27212708,24.72912393,37.03867348,36.87223685,34.03129909
28.96260001,24.22369268,33.91018188,30.23040737,27.05881685
27.78003967,32.0154459,30.60662429,28.05908768,24.881492
25.32232404,30.33967239,30.61190386,33.7245706,31.73579709
35.95471706,29.64772941,32.25701499,48.00593914,22.86670956
28.76594473,38.45332828,26.48538879,33.39764807,24.46798593
23.44945174,21.21193473,30.36573442,42.06348051,24.49135949
36.79000075,22.83441944,27.33825925,32.79432537,40.26167985
30.55443978,23.880499,39.90171315,22.57885693,23.87064422
32.30715387,32.29016062,27.07138811,39.82536616,34.5255392
33.87819636,30.78163425,33.42001784,32.21956093,29.50657839
31.92084166,25.56451399,29.82196309,32.8135247,36.79513752
24.6598682,22.03569708,28.0715597,29.62429047,26.36658053
22.34433541,31.35879696,28.14420531,37.95206905,33.99137016
26.55224663,24.3327326,30.93963963,36.46944005,25.02579475
20.45194057,29.02497776,22.18625358,33.09346543,32.4761719
30.06337425,23.17541152,24.99072319,46.4804252,29.46173917
38.78415347,33.557259,25.38588661,27.25350622,19.6414124
23.99605555,27.26243195,28.18191401,37.89045477,31.00577904
26.70430837,25.87251918,33.59800118,35.69377112,18.3138749
34.41594512,24.35087684,26.04763648,25.51268613,37.25485057
36.35668033,32.84961331,31.97701381,25.33242293,29.18224938
29.58092419,33.05384568,38.25930161,38.81062534,44.32811444
31.38337863,34.20293852,25.70362556,38.55118003,36.21710661
37.08427006,28.63604187,31.44531641,28.53378878,24.25591152
43.39428928,39.75633463,38.20983575,35.7429996,25.6088044
31.91534923,33.14419635,32.03227727,43.60321363,37.90914961
39.92110808,40.51666845,28.35609586,42.74035918,31.03197214
26.04386602,36.60304998,33.93308469,18.73967428,47.76727235
36.01155254,20.9048338,36.69127108,34.33485307,36.31114393
35.53952777,23.17601746,24.10328491,20.05873162,30.55647463
27.57289228,30.55224341,25.82982003,32.27291945,24.27106923
20.45210416,30.25173571,29.57647082,41.06238756,36.24830749
34.52669449,25.92529649,29.87668558,33.87836339,26.6875854
23.67622859,32.43400937,19.20760567,42.98582626,35.32704105
23.5283544,32.96017867,33.6089049,33.68151482,31.45065644
21.39322454,14.18237045,25.86409059,35.9545376,36.8661565
33.33770341,25.44009437,27.28076325,28.15286625,23.87287303
34.38259398,42.26053743,25.19959475,31.5222214,28.23285069
29.71303244,35.75604055,34.72710849,37.47204711,30.99663226
32.52367285,36.52436627,34.74773173,38.49008326,33.58936808
22.59427541,34.46319529,19.16079134,30.05216774,24.57711186
22.97972848,34.77680366,32.58437972,34.20342954,29.24546127
28.09131786,37.16404239,37.65114422,38.40891358,27.54170869
27.04883613,25.82255501,33.58050696,29.54160952,34.99963616
34.12769067,34.7591297,33.94941469,41.16027938,35.52601713
31.08513694,34.76361298,26.0880025,30.89125169,40.8340803
33.89636586,22.34275096,30.1046847,30.66307561,28.31435884
32.51056091,30.14289187,35.35722901,23.61310928,30.39347157
37.5147533,28.02221563,28.08577787,36.9824073,23.92209075
32.90526082,36.33235911,40.27508196,44.88932212,23.99481219
24.16195897,31.36739348,40.6789289,28.27783682,33.0000585
25.21541546,28.22466143,23.09843575,38.31802765,30.18925621
27.23091869,18.3517435,33.01185021,41.76028123,36.50460591
15.86496212,30.422382,44.58536633,25.52152636,32.45740814
37.47767065,33.04915655,32.77770155,21.00223043,24.54056475
24.00476593,26.7731411,24.35215598,35.38082759,27.98544251
27.87436338,27.49737344,23.76627585,23.3762917,24.50279223
34.71747015,34.02571909,36.46192747,27.24161806,44.02978332
20.72964005,29.34433152,28.26706211,30.50316013,25.57296838
27.97304344,32.6005131,37.66769613,20.30813185,31.42275873
33.28604695,32.18041393,32.18881712,28.14954738,37.3645367
29.32249358,23.44890839,26.85866054,37.47800239,30.73837649
22.68167767,34.41973058,31.12183731,38.60626404,19.01056656
36.34015922,23.91378502,39.02508766,25.21818502,32.794576
31.29923841,33.25885442,22.63246494,35.44730199,35.53739313
39.19718454,34.83651606,31.22358485,17.13546531,35.684705
30.11187563,45.41156237,36.44700249,25.99765868,16.60377188
23.67724541,30.26939987,34.00221612,19.65477546,34.26887624
23.53203277,31.04928046,33.8497905,31.65450421,25.4026775
37.62046762,31.09253267,25.21430884,29.24329817,34.53563176
20.4363574,35.90263215,29.35271826,26.69648587,34.38561665
31.32131326,27.57215686,24.76873698,40.4928333,26.09432904
33.08728505,29.97165085,28.68309594,26.70424274,32.86438223
30.99704704,40.2642417,34.46991353,24.05877145,27.00256444
22.88647757,22.9505534,31.87401036,32.21928862,28.68468375
36.03293038,37.23837878,28.61404436,30.11034061,28.69847295
25.46555444,30.40073198,24.23078516,30.24847355,33.56307839
31.22473759,25.37424362,23.11155195,43.36535905,20.35145107
